"Name","Avg MVP","MVP/m","Total MVP","Accuracy","Hit Diff","Win Rate","MVP","Accuracy","Win Rate","MVP","Accuracy","Win Rate","MVP","Accuracy","Win Rate","MVP","Accuracy","Win Rate","MVP","Accuracy","Win Rate"
"Ninja","24.56","1.64","24.56","88.68","1.21","100% (1/1)","24.56","88.68","100% (1/1)","0","0","NaN% (0/0)","0","0","NaN% (0/0)","0","0","NaN% (0/0)","0","0","NaN% (0/0)"
"The Protagonist","24.02","1.88","1057.06","86.73","1.45","70% (31/44)","27.9","85.44","45% (5/11)","20.34","88.37","100% (3/3)","21.84","81.33","75% (9/12)","22.96","90.37","78% (7/9)","24.48","91.33","78% (7/9)"
"Thunder","21.94","3.04","14593.25","87.57","1.41","56% (370/665)","24.85","88.24","64% (64/100)","20.39","92.37","60% (86/143)","23.21","80.53","55% (89/162)","20.89","85.9","54% (76/140)","20.89","92.72","46% (55/120)"
"Snufflez","21.59","1.75","7816.88","84.8","1.22","53% (191/362)","23.63","82.56","53% (36/68)","23.02","86.57","63% (43/68)","20.5","78.78","52% (53/101)","19.83","88.67","46% (35/76)","21.78","91.83","49% (24/49)"
"SubToPewdiepie","21.46","1.52","85.84","85.6","0.95","50% (2/4)","19.3","83.13","0% (0/1)","0","0","NaN% (0/0)","0","0","NaN% (0/0)","22.18","86.42","67% (2/3)","0","0","NaN% (0/0)"
"Sslaughtermelon","20.88","1.76","4217.32","84.19","1.18","66% (133/202)","23.86","85.31","73% (38/52)","19.81","88.92","55% (17/31)","19.44","80.49","63% (32/51)","17.79","79.31","68% (26/38)","23.17","89.85","67% (20/30)"
"Commander","20.58","1.83","164.66","74.48","0.87","50% (4/8)","21.12","73.55","43% (3/7)","16.83","81.01","100% (1/1)","0","0","NaN% (0/0)","0","0","NaN% (0/0)","0","0","NaN% (0/0)"
"Tandaor","20.54","3.35","7744.19","86.67","1.13","49% (186/377)","22.79","86.85","65% (40/62)","18.97","90.83","48% (39/81)","21.25","81.56","37% (28/75)","20.43","85.4","49% (62/126)","18.97","92.55","52% (17/33)"
"No.","20.1","3.01","502.55","81.3","1.22","56% (14/25)","22.85","80.57","67% (4/6)","21.41","85.94","75% (3/4)","18.89","76.08","50% (4/8)","20.11","84.84","40% (2/5)","14.1","86.29","50% (1/2)"
"Inferno","20.09","3.19","11612.82","83.91","1.22","57% (330/578)","22.31","82.32","66% (79/119)","18.05","87.12","46% (46/99)","20.86","79.84","56% (78/140)","18.84","83.42","62% (98/159)","20.57","92.42","48% (29/61)"
"KicksnGiggles","18.86","12.24","4525.81","75.1","1.11","52% (125/240)","18.49","73.72","52% (24/46)","13.39","79.36","43% (9/21)","19.66","68.41","47% (43/91)","19.92","80.33","58% (32/55)","18.85","86.05","63% (17/27)"
"ßëåñ$","18.8","1.69","188.02","83.31","1.06","80% (8/10)","0","0","NaN% (0/0)","23.74","89.83","100% (2/2)","18.14","74.73","80% (4/5)","18.54","87.95","100% (1/1)","15.65","95.91","50% (1/2)"
"Death Knight","18.42","1.58","883.98","85.99","1.08","63% (30/48)","20.97","80.93","89% (8/9)","21.94","91.03","67% (6/9)","16.07","79.55","67% (8/12)","17.31","86.59","50% (4/8)","16.65","93.27","40% (4/10)"
"Chaser","18.27","1.42","5115.01","86.03","1.13","54% (152/280)","22.2","87.02","51% (39/76)","16.81","88.61","49% (21/43)","17.78","81.07","54% (38/70)","15.83","84.94","65% (35/54)","16.37","91.97","51% (19/37)"
"Queen","17.2","1.75","17.2","88.24","1","100% (1/1)","0","0","NaN% (0/0)","0","0","NaN% (0/0)","0","0","NaN% (0/0)","0","0","NaN% (0/0)","17.2","88.24","100% (1/1)"
"Medz","17.19","3.41","8492.18","86.78","1.03","51% (252/494)","19.62","80.94","60% (31/52)","14.65","88.21","42% (44/105)","17.91","77.51","56% (28/50)","16.89","87.2","55% (60/109)","17.96","90","50% (89/178)"
"Off the Wall","17.18","3.64","7954.41","81.86","1","48% (220/463)","19.78","82.04","57% (48/84)","16.56","87.9","54% (69/127)","19.23","74.29","48% (36/75)","14.76","75.58","38% (44/116)","16.98","90.25","38% (23/61)"
"Rusty's son","17.09","1.43","973.86","80.18","1.13","60% (34/57)","19.3","83.82","57% (8/14)","15.62","88.74","63% (5/8)","15.34","73.18","53% (10/19)","17.49","65.67","67% (4/6)","18.24","90.23","70% (7/10)"
"Kodama","17.09","1.48","803.4","89.03","1.17","55% (26/47)","23.99","86.62","83% (5/6)","13.59","88.22","56% (5/9)","15.11","85.77","40% (6/15)","17.69","92.64","78% (7/9)","18.9","93.8","38% (3/8)"
"Krypt","16.91","3.32","8624.33","84.21","1.07","52% (264/510)","18.24","84.95","50% (69/138)","15.03","92.29","46% (33/72)","18.87","81.59","54% (61/113)","13.76","66.81","49% (37/76)","16.65","92.61","58% (64/111)"
"Chaos","16.8","1.12","16.8","86.87","1.01","0% (0/1)","0","0","NaN% (0/0)","16.8","86.87","0% (0/1)","0","0","NaN% (0/0)","0","0","NaN% (0/0)","0","0","NaN% (0/0)"
"The Fear Turkey","16.74","1.35","401.78","81.79","0.88","50% (12/24)","19.04","81.33","60% (3/5)","13.29","86.24","0% (0/3)","17.57","74.2","50% (4/8)","15.25","85.97","75% (3/4)","16.28","90.02","50% (2/4)"
"Soy Boy","16.73","1.46","1020.26","79.78","0.94","51% (31/61)","18.28","78.7","69% (9/13)","20.08","83.47","44% (4/9)","14.99","74.28","43% (9/21)","16.3","84.43","55% (6/11)","15.39","86.27","43% (3/7)"
"Odin's Fist","16.41","1.45","1296.02","78","0.94","51% (40/79)","16.81","78.24","54% (7/13)","19.94","83.17","47% (8/17)","16.18","71.73","67% (18/27)","13.92","76.99","43% (6/14)","13.35","89.58","13% (1/8)"
"Fluffycloud","16.21","1.31","3517.7","83.55","1.06","49% (107/217)","18.44","79.95","54% (21/39)","15.52","87.82","43% (17/40)","16.99","74.64","49% (30/61)","14.91","88.19","45% (19/42)","14.72","92.64","57% (20/35)"
"Snowflake","16.11","1.36","757.34","81.44","0.93","53% (25/47)","21.99","79.3","63% (5/8)","14.73","84.66","62% (8/13)","15.73","75.74","45% (5/11)","12.73","79.24","25% (2/8)","16.43","89.36","71% (5/7)"
"Ace","15.9","3.38","6199.34","85.88","0.96","47% (184/390)","18.58","82.47","46% (35/76)","13.44","88.47","46% (43/94)","17.78","77.77","52% (39/75)","14.5","89.84","44% (46/104)","16.64","91.07","51% (21/41)"
"Metalface","15.53","1.33","6071.27","80.34","1.02","48% (186/391)","19.68","78.77","49% (35/71)","14.8","83.88","39% (35/90)","14.98","69.6","50% (50/100)","14.38","85.33","47% (36/77)","13.9","89.43","57% (30/53)"
"Wolfie","15.46","1.25","185.46","78.38","0.84","67% (8/12)","20.23","72.54","50% (1/2)","15.52","87.24","100% (2/2)","13.44","71.09","60% (3/5)","10.9","78.69","0% (0/1)","17.94","93.42","100% (2/2)"
"Benji","15.4","1.12","15.4","90","1.1","0% (0/1)","0","0","NaN% (0/0)","0","0","NaN% (0/0)","0","0","NaN% (0/0)","15.4","90","0% (0/1)","0","0","NaN% (0/0)"
"Rock Hard","15.07","1.31","1869.05","82.72","0.99","56% (70/124)","17.16","74.95","63% (15/24)","14.58","86.4","59% (17/29)","16.16","78.63","55% (22/40)","12.27","90.3","59% (10/17)","12.81","90.93","43% (6/14)"
"Sky","14.99","1.36","2188.43","84.64","1.12","58% (84/146)","16.64","78.37","56% (10/18)","13.37","82.73","53% (10/19)","15.65","77.61","67% (31/46)","14.42","90.64","70% (16/23)","14.58","93.01","43% (17/40)"
"Snufflelumpz","14.98","5.96","4554.44","79.62","0.87","50% (151/304)","15.01","74.51","46% (36/78)","13.53","83.52","61% (34/56)","15.88","71.17","51% (40/79)","16.14","87.06","51% (22/43)","14.12","90.6","40% (19/48)"
"Kyrome","14.97","1.18","2574.4","76.96","1.05","38% (66/172)","17.78","70.94","42% (11/26)","14.5","79.27","41% (14/34)","15.09","64.36","41% (17/41)","13.89","83.47","35% (14/40)","14.34","87.74","32% (10/31)"
"Sweets4theweak","14.94","1.31","373.45","85.28","0.89","44% (11/25)","20.98","85.73","75% (3/4)","12.61","84.17","33% (1/3)","13.84","77.56","50% (2/4)","14.03","86.64","38% (5/13)","14.04","100","0% (0/1)"
"Dinkleberg","14.88","1.28","163.7","83.17","0.89","64% (7/11)","16.56","81.53","33% (1/3)","0","0","NaN% (0/0)","13.71","75.71","50% (2/4)","15.42","91.88","100% (3/3)","12.92","91.76","100% (1/1)"
"Stocker","14.87","1.37","148.73","74.44","0.72","60% (6/10)","14.49","83.52","50% (1/2)","16.18","80.26","0% (0/1)","9.82","73.75","33% (1/3)","14.65","52.81","100% (2/2)","22.42","85.09","100% (2/2)"
"Applesauce","14.76","1.37","620.04","85.37","0.85","52% (22/42)","18.84","76.48","50% (2/4)","13.24","87.26","33% (2/6)","13.62","75.93","38% (3/8)","13.57","84.35","60% (3/5)","15.18","90.89","63% (12/19)"
"Rockwood","14.73","1.24","3225.28","80.98","1.14","48% (106/219)","15.35","82.68","37% (13/35)","13.12","88.54","56% (14/25)","15.17","76.41","49% (45/91)","14.48","78.31","55% (23/42)","14.29","91.7","42% (11/26)"
"Fear Turkey","14.63","0","73.14","84.36","0.69","80% (4/5)","14.4","74.23","100% (1/1)","13.7","87.23","100% (1/1)","7.6","82.35","0% (0/1)","17.52","83.65","100% (1/1)","19.92","94.32","100% (1/1)"
"Friendly Fire","14.59","0","72.94","74.4","0.92","40% (2/5)","13.8","73.07","0% (0/2)","0","0","NaN% (0/0)","15.5","67.04","50% (1/2)","14.34","91.76","100% (1/1)","0","0","NaN% (0/0)"
"Jet","14.5","0","14.5","65.38","0.71","100% (1/1)","14.5","65.38","100% (1/1)","0","0","NaN% (0/0)","0","0","NaN% (0/0)","0","0","NaN% (0/0)","0","0","NaN% (0/0)"
"Artemis","14.44","1.4","57.77","61.39","1.28","50% (2/4)","0","0","NaN% (0/0)","0","0","NaN% (0/0)","14.44","61.39","50% (2/4)","0","0","NaN% (0/0)","0","0","NaN% (0/0)"
"DyscoMonkee","14.42","1.2","908.38","76.19","0.94","40% (25/63)","15.86","75.24","33% (5/15)","12.39","80.5","27% (3/11)","15.34","65.2","65% (13/20)","13.58","85.07","20% (2/10)","13.08","90.16","29% (2/7)"
"A Kodama","14.36","1.23","258.56","89.04","0.99","72% (13/18)","15.03","86.94","67% (2/3)","10.67","88.68","83% (5/6)","16.15","84.11","50% (2/4)","14.81","95.33","50% (1/2)","18.41","94.26","100% (3/3)"
"Mischief","14.36","1.13","373.26","78.75","0.93","27% (7/26)","17.38","70.91","0% (0/4)","12.22","82.38","30% (3/10)","15.6","70.4","17% (1/6)","12.23","83.53","25% (1/4)","19.52","91.72","100% (2/2)"
"Octocat","14.35","1.32","114.83","81.84","0.66","50% (4/8)","16","79.45","100% (1/1)","14.04","79.95","25% (1/4)","15.9","65.26","100% (1/1)","0","0","NaN% (0/0)","13.38","95.08","50% (1/2)"
"Nimitz","14.29","1.24","300.17","74.69","0.98","48% (10/21)","14.75","79.85","75% (3/4)","14.21","80.12","50% (1/2)","13.37","66.1","30% (3/10)","13","76.01","50% (1/2)","17.68","91.97","67% (2/3)"
"Cupcake","14.13","1.37","98.88","77.66","0.82","71% (5/7)","0","0","NaN% (0/0)","0","0","NaN% (0/0)","15.39","71.98","100% (4/4)","6.95","79.1","0% (0/2)","23.44","97.5","100% (1/1)"
"Titan","14.12","1.22","56.49","86.76","1.13","100% (4/4)","0","0","NaN% (0/0)","17.86","88.53","100% (2/2)","0","0","NaN% (0/0)","0","0","NaN% (0/0)","10.39","85","100% (2/2)"
"Samurai","14.12","1.53","28.23","68.04","1.08","50% (1/2)","0","0","NaN% (0/0)","0","0","NaN% (0/0)","14.12","68.04","50% (1/2)","0","0","NaN% (0/0)","0","0","NaN% (0/0)"
"Athena","14.08","1.48","98.59","79.87","0.87","71% (5/7)","0","0","NaN% (0/0)","0","0","NaN% (0/0)","14.45","77.76","80% (4/5)","18.42","81.37","100% (1/1)","7.9","88.89","0% (0/1)"
"Jacrovio","14.03","1.11","2286.1","73.91","0.98","46% (75/163)","17.64","73.86","47% (17/36)","12.19","80.05","46% (11/24)","12.73","62.26","41% (21/51)","13.13","79.13","50% (18/36)","14.76","90.19","50% (8/16)"
"Asra","13.98","1.35","83.9","83.55","0.61","83% (5/6)","13.53","82.43","100% (1/1)","0","0","NaN% (0/0)","11.6","75.8","67% (2/3)","12.44","93.48","100% (1/1)","23.14","98","100% (1/1)"
"Tank","13.89","3.16","138.87","84.69","0.85","50% (5/10)","13.73","81.84","33% (1/3)","5.7","76.92","0% (0/1)","16.45","82.86","75% (3/4)","18.76","98.85","100% (1/1)","7.4","94.12","0% (0/1)"
"SgtTucker","13.72","1.15","576.19","84.09","1.02","45% (19/42)","14.97","82.55","0% (0/3)","12.47","88.49","50% (3/6)","13.9","74.48","50% (5/10)","12.32","80.37","57% (4/7)","14.45","90.35","44% (7/16)"
"Fonzoreli","13.54","0","270.88","69.78","1.04","55% (11/20)","12.4","71.5","50% (2/4)","12.77","84.82","75% (3/4)","16.28","61.82","50% (4/8)","9.81","66.54","67% (2/3)","10.6","76.12","0% (0/1)"
"Bdawg.kt","13.4","0","1299.56","81.1","0.81","54% (52/97)","15.89","75.16","48% (10/21)","9.69","84.61","52% (11/21)","15.11","76.12","67% (22/33)","12.14","90.16","50% (7/14)","11.72","92.12","25% (2/8)"
"Lenhen","13.38","1.18","1512.43","77.83","0.93","40% (45/113)","15.65","73.98","40% (6/15)","14.58","80.13","50% (8/16)","11.8","67.99","42% (15/36)","12.92","83.2","20% (4/20)","13.9","88.12","46% (12/26)"
"Oddum","13.28","1.14","929.53","78.96","0.89","43% (30/70)","12.25","74.08","10% (1/10)","12.37","83.41","38% (5/13)","12.5","69.21","50% (11/22)","14.27","85.42","50% (3/6)","15.02","87.73","53% (10/19)"
"Jelly","13.22","1.05","39.67","86.44","0.67","67% (2/3)","0","0","NaN% (0/0)","10.93","80.85","100% (1/1)","0","0","NaN% (0/0)","10.1","80.82","0% (0/1)","18.64","97.65","100% (1/1)"
"Spidey","13.2","0","13.2","78.13","0.67","0% (0/1)","0","0","NaN% (0/0)","0","0","NaN% (0/0)","13.2","78.13","0% (0/1)","0","0","NaN% (0/0)","0","0","NaN% (0/0)"
"TheSavageCoder","13.15","1.35","1748.53","82.35","0.83","48% (64/133)","14.51","78.21","28% (7/25)","12.5","90.34","67% (12/18)","13.71","78.25","53% (33/62)","10.49","89.39","54% (7/13)","11.62","90.49","33% (5/15)"
"Chopper Legs","12.91","1.22","25.82","81.26","0.52","100% (2/2)","0","0","NaN% (0/0)","10.5","86.05","100% (1/1)","15.32","76.47","100% (1/1)","0","0","NaN% (0/0)","0","0","NaN% (0/0)"
"Dwarf","12.8","0","12.8","95.83","0.65","100% (1/1)","0","0","NaN% (0/0)","0","0","NaN% (0/0)","12.8","95.83","100% (1/1)","0","0","NaN% (0/0)","0","0","NaN% (0/0)"
"Killjoy","12.63","1.39","25.25","38.88","0.65","100% (2/2)","0","0","NaN% (0/0)","0","0","NaN% (0/0)","12.63","38.88","100% (2/2)","0","0","NaN% (0/0)","0","0","NaN% (0/0)"
"Straight2VHS","12.48","1.26","49.9","63.55","0.73","75% (3/4)","0","0","NaN% (0/0)","0","0","NaN% (0/0)","12.48","63.55","75% (3/4)","0","0","NaN% (0/0)","0","0","NaN% (0/0)"
"Homeskool","12.43","0.99","1839.93","71.05","0.67","45% (66/148)","13.43","66.48","30% (6/20)","14.1","76.1","47% (20/43)","10.33","52.87","35% (14/40)","11.42","81.4","54% (14/26)","13.41","88.55","63% (12/19)"
"Sadders","12.39","1.04","2949.26","79.6","0.68","49% (117/238)","16.39","72.3","55% (22/40)","10.23","73.72","42% (11/26)","11.19","64.5","49% (20/41)","10.05","84.43","26% (6/23)","12.39","88.43","54% (58/108)"
"OldManThanatos","12.33","1.16","73.98","96.48","0.52","33% (2/6)","0","0","NaN% (0/0)","0","0","NaN% (0/0)","0","0","NaN% (0/0)","13.28","90.22","100% (1/1)","12.14","97.73","20% (1/5)"
"Tsunami","12.32","1.06","49.26","76.62","0.74","50% (2/4)","0","0","NaN% (0/0)","0","0","NaN% (0/0)","13.24","65.86","50% (1/2)","9.6","85.71","0% (0/1)","13.18","89.02","100% (1/1)"
"Syke","12.2","0.95","707.52","68.29","0.78","50% (29/58)","14.79","61.09","40% (4/10)","11.81","75.04","64% (9/14)","10.42","50.68","63% (10/16)","11.34","72.43","25% (2/8)","13.69","90.92","40% (4/10)"
"Arrow","12.15","0","218.62","84.87","0.7","44% (8/18)","13.5","85","0% (0/2)","9","89.89","67% (2/3)","11.67","60.28","50% (2/4)","0","0","NaN% (0/0)","13.11","94.1","44% (4/9)"
"Syrdust","12.14","0","424.88","75.39","0.72","40% (14/35)","13.25","78.12","36% (4/11)","10.12","83.82","17% (1/6)","11.02","60.56","55% (6/11)","14.08","87.59","40% (2/5)","13.42","86.2","50% (1/2)"
"Jelly","12.02","0.99","312.42","80.53","0.88","42% (11/26)","14.25","78.99","33% (1/3)","10.04","82.74","40% (2/5)","12.05","74.94","33% (4/12)","13.95","89.78","100% (3/3)","10.99","91.5","33% (1/3)"
"Q","12","0","491.8","83.41","0.82","49% (20/41)","11.77","71.04","67% (2/3)","9.41","82.09","57% (4/7)","12.12","65.18","43% (3/7)","11.47","86.68","75% (3/4)","13","91.45","40% (8/20)"
"Zerok","11.95","3.46","227.12","84.91","0.72","53% (10/19)","13.62","84.39","40% (2/5)","9.97","82.89","67% (2/3)","10.32","76.38","60% (3/5)","0","0","NaN% (0/0)","12.92","93.47","50% (3/6)"
"P H N T M","11.92","0.95","309.98","72.42","0.88","35% (9/26)","13.48","74.28","20% (1/5)","10.8","87.89","33% (1/3)","12.47","64.91","43% (6/14)","9.07","83.89","33% (1/3)","8.44","87.5","0% (0/1)"
"Phoenix","11.81","0.9","35.44","77.31","0.82","67% (2/3)","0","0","NaN% (0/0)","20.34","91.01","100% (1/1)","4.5","54.55","0% (0/1)","0","0","NaN% (0/0)","10.6","86.36","100% (1/1)"
"EZ Bake","11.78","1.03","1248.89","76.11","0.68","55% (58/106)","15.24","59.64","70% (7/10)","7.9","62.11","56% (5/9)","10.75","57.75","57% (12/21)","9.6","82.87","30% (3/10)","12.57","86.97","55% (31/56)"
"Xallai","11.77","0","58.86","77.61","0.78","40% (2/5)","16.5","75","100% (1/1)","6.5","85.25","100% (1/1)","13.03","69.75","0% (0/2)","9.8","88.31","0% (0/1)","0","0","NaN% (0/0)"
"Jakobourne","11.62","0.96","58.12","77.82","0.81","60% (3/5)","0","0","NaN% (0/0)","4.2","72","0% (0/1)","12.7","50.52","100% (1/1)","0","0","NaN% (0/0)","13.74","88.86","67% (2/3)"
"CabbageMan","11.6","10.38","1322.28","77.29","0.67","44% (50/114)","11.26","72.99","27% (6/22)","9.21","80.13","27% (4/15)","11.44","63.88","43% (13/30)","10.57","85.53","50% (4/8)","13.05","87.26","59% (23/39)"
"DaNtHeMaN","11.6","1.53","904.63","77.82","0.68","41% (32/78)","15.37","72.52","22% (2/9)","9.66","84.24","13% (1/8)","11.82","69.08","59% (22/37)","9.21","87.64","29% (2/7)","11","92.57","29% (5/17)"
"Quill","11.48","4.16","3029.6","77.02","0.73","53% (139/264)","11.55","63.67","57% (13/23)","9.03","75.12","53% (10/19)","11.32","63.05","51% (42/83)","11.7","79.82","60% (9/15)","11.91","88.79","52% (65/124)"
"Vulpix","11.45","0","22.9","65.61","0.49","50% (1/2)","0","0","NaN% (0/0)","0","0","NaN% (0/0)","11.45","65.61","50% (1/2)","0","0","NaN% (0/0)","0","0","NaN% (0/0)"
"Unicorn","11.35","1.36","22.7","83.27","0.51","0% (0/2)","0","0","NaN% (0/0)","0","0","NaN% (0/0)","8.6","76","0% (0/1)","0","0","NaN% (0/0)","14.1","90.54","0% (0/1)"
"Minette","11.33","0.96","113.28","79.5","0.81","30% (3/10)","10.13","74.41","33% (1/3)","13.99","82.29","50% (1/2)","10.6","78.06","25% (1/4)","12.5","94.87","0% (0/1)","0","0","NaN% (0/0)"
"DiscoStu","11.29","1.03","124.2","74.31","0.67","36% (4/11)","19.37","76.65","50% (1/2)","8.6","86.05","100% (1/1)","6.73","59.44","0% (0/4)","9.2","83.97","50% (1/2)","15.79","86.2","50% (1/2)"
"Noodles","11.27","0.98","225.4","70.85","0.67","50% (10/20)","11.38","61.57","33% (3/9)","10.83","87.03","50% (2/4)","12.02","69.61","80% (4/5)","0","0","NaN% (0/0)","9.8","83.29","50% (1/2)"
"Rock Head","11.24","0","404.69","70.44","0.93","50% (18/36)","0","0","NaN% (0/0)","9.85","75.28","71% (5/7)","11.82","62.25","40% (8/20)","11.16","84.44","60% (3/5)","10.88","85.39","50% (2/4)"
"Phones☺♥","11.21","1.09","89.66","73.89","0.84","13% (1/8)","0","0","NaN% (0/0)","0","0","NaN% (0/0)","11.21","73.89","13% (1/8)","0","0","NaN% (0/0)","0","0","NaN% (0/0)"
"Egg","10.9","1.12","10.9","88.68","0.54","0% (0/1)","0","0","NaN% (0/0)","0","0","NaN% (0/0)","0","0","NaN% (0/0)","10.9","88.68","0% (0/1)","0","0","NaN% (0/0)"
"Volterizer","10.88","0.99","87","66.35","0.88","50% (4/8)","13","75.08","100% (2/2)","0","0","NaN% (0/0)","9.88","51.7","25% (1/4)","14.6","84.48","100% (1/1)","6.9","89.36","0% (0/1)"
"Phideaux","10.74","0.89","708.84","74.97","0.73","48% (32/66)","11.6","72.55","27% (3/11)","10.29","82.29","43% (6/14)","9.95","61.7","50% (12/24)","11.88","88.94","86% (6/7)","11.52","89.43","50% (5/10)"
"Fives","10.67","0.99","32","76.54","0.55","0% (0/3)","10.67","76.54","0% (0/3)","0","0","NaN% (0/0)","0","0","NaN% (0/0)","0","0","NaN% (0/0)","0","0","NaN% (0/0)"
"Vipermetcalf","10.6","0.79","127.17","70.89","0.82","42% (5/12)","5.7","61.48","33% (1/3)","11.95","80.15","40% (2/5)","12.14","60.47","33% (1/3)","13.9","84.09","100% (1/1)","0","0","NaN% (0/0)"
"TheSwissPotwal","10.59","1.13","31.78","79.23","0.87","0% (0/3)","0","0","NaN% (0/0)","10.59","79.23","0% (0/3)","0","0","NaN% (0/0)","0","0","NaN% (0/0)","0","0","NaN% (0/0)"
"The Gracken","10.57","0.91","412.23","70.31","0.7","49% (19/39)","8.78","67.02","14% (1/7)","5.5","69.67","25% (1/4)","11.92","62.39","67% (12/18)","11.9","83.33","67% (2/3)","11.21","88.78","43% (3/7)"
"Avenger","10.3","0","10.3","55.07","0.8","0% (0/1)","0","0","NaN% (0/0)","0","0","NaN% (0/0)","10.3","55.07","0% (0/1)","0","0","NaN% (0/0)","0","0","NaN% (0/0)"
"Anubis","10.3","0","10.3","63.16","0.69","0% (0/1)","0","0","NaN% (0/0)","0","0","NaN% (0/0)","10.3","63.16","0% (0/1)","0","0","NaN% (0/0)","0","0","NaN% (0/0)"
"Red","10.2","0.86","10.2","92.45","0.36","100% (1/1)","0","0","NaN% (0/0)","0","0","NaN% (0/0)","0","0","NaN% (0/0)","0","0","NaN% (0/0)","10.2","92.45","100% (1/1)"
"Bugger","10.1","0.75","90.9","68.8","0.77","22% (2/9)","9.65","66.55","0% (0/2)","9.75","72.51","0% (0/2)","10.88","64.27","50% (2/4)","8.6","83.96","0% (0/1)","0","0","NaN% (0/0)"
"Tal","10.08","0.87","90.74","68.52","0.83","44% (4/9)","7.9","79.45","100% (1/1)","6.8","87.88","0% (0/1)","9.37","59.83","33% (2/6)","0","0","NaN% (0/0)","19.84","90.36","100% (1/1)"
"DankMemer","9.92","0.84","178.6","85.88","0.69","39% (7/18)","14.5","84.62","100% (1/1)","7.95","84.5","50% (1/2)","11.53","79.85","50% (2/4)","9.28","87.45","22% (2/9)","9.3","92.94","50% (1/2)"
"Maverick","9.85","0","19.7","83.33","0.16","100% (2/2)","0","0","NaN% (0/0)","0","0","NaN% (0/0)","9.85","83.33","100% (2/2)","0","0","NaN% (0/0)","0","0","NaN% (0/0)"
"ThePsychWarden","9.83","0.71","29.5","58.21","0.93","67% (2/3)","0","0","NaN% (0/0)","0","0","NaN% (0/0)","8.25","47.45","50% (1/2)","0","0","NaN% (0/0)","13","79.73","100% (1/1)"
"LeoLlama1","9.82","0.68","49.09","64.7","0.82","60% (3/5)","0","0","NaN% (0/0)","0","0","NaN% (0/0)","9.92","57.36","50% (2/4)","0","0","NaN% (0/0)","9.4","94.03","100% (1/1)"
"Reaper","9.79","0.77","411.15","71.47","0.6","38% (16/42)","11.58","67.91","33% (3/9)","8.37","77.1","50% (3/6)","9.92","62.2","44% (8/18)","6.68","86.84","0% (0/4)","10.31","92.23","40% (2/5)"
"Starkiller","9.71","5.2","155.33","61.24","0.55","31% (5/16)","3.1","40.83","0% (0/1)","0","0","NaN% (0/0)","5.97","46.63","17% (1/6)","8.99","63.06","33% (1/3)","14.91","78.33","50% (3/6)"
"Bugger","9.64","0.78","163.92","63.8","0.88","53% (9/17)","7.8","47.95","100% (1/1)","3.7","56.67","0% (0/1)","12.42","54.13","63% (5/8)","5.4","67.04","33% (1/3)","9.22","86.46","50% (2/4)"
"Cthulu","9.57","0.72","583.76","67.3","0.68","54% (33/61)","10.89","64.99","50% (5/10)","9.15","76.56","64% (7/11)","8.24","53.21","50% (13/26)","11.48","88.4","86% (6/7)","11.38","87.33","29% (2/7)"
"Vetillus","9.51","0.82","66.6","44.96","0.63","57% (4/7)","0","0","NaN% (0/0)","0","0","NaN% (0/0)","9.51","44.96","57% (4/7)","0","0","NaN% (0/0)","0","0","NaN% (0/0)"
"IndeanaJowns","9.46","0.7","208.12","58.35","0.71","64% (14/22)","8.18","48.45","50% (3/6)","7.42","58.18","80% (4/5)","10.15","41.61","67% (4/6)","9.74","86.67","50% (1/2)","13.85","93.05","67% (2/3)"
"Jafat","9.4","0.71","65.77","58.22","0.62","43% (3/7)","12.5","54.7","50% (1/2)","0","0","NaN% (0/0)","6.86","38.66","67% (2/3)","11.5","94.87","0% (0/1)","8.7","87.27","0% (0/1)"
"Spicy","9.37","2.4","402.72","68.54","0.55","42% (18/43)","9.08","69.17","17% (1/6)","7.67","66.72","33% (1/3)","9.37","61.3","44% (11/25)","8.13","84.39","33% (1/3)","11.11","91.05","67% (4/6)"
"Rose Jasper","9.34","0.8","196.2","67.99","0.59","48% (10/21)","10.1","60.77","33% (1/3)","7.18","69.72","40% (2/5)","9.79","56.85","63% (5/8)","6.3","82.76","0% (0/1)","11.36","89.85","50% (2/4)"
"Prop Master","9.33","0.65","18.65","31.46","0.71","100% (2/2)","0","0","NaN% (0/0)","0","0","NaN% (0/0)","9.33","31.46","100% (2/2)","0","0","NaN% (0/0)","0","0","NaN% (0/0)"
"Man of Ghost","9.2","0.67","165.59","54.83","0.72","44% (8/18)","11.25","59.74","25% (1/4)","11.24","68.63","100% (1/1)","7.29","38.77","44% (4/9)","10.85","80.21","50% (1/2)","11","84.99","50% (1/2)"
"Kingsley","9.17","0.8","385.26","61.9","0.6","38% (16/42)","9.57","62.58","17% (1/6)","7.46","68.61","0% (0/5)","7.81","43.53","47% (9/19)","11.69","84.8","60% (3/5)","11.97","90.02","43% (3/7)"
"FatKid","9.15","1.6","649.31","64.14","0.71","44% (31/71)","8.4","60","0% (0/10)","7.58","67.57","40% (2/5)","9.74","54.73","53% (19/36)","7.83","80.05","30% (3/10)","9.85","84.52","70% (7/10)"
"Lethalreflex","9.15","0.73","256.17","60.47","0.6","54% (15/28)","12.57","59.1","67% (2/3)","6.3","73.05","75% (3/4)","9.5","45.5","50% (7/14)","8.66","81.35","40% (2/5)","8.5","90.01","50% (1/2)"
"GhostFace 3","9.15","0.81","9.15","52.63","0.4","100% (1/1)","0","0","NaN% (0/0)","0","0","NaN% (0/0)","9.15","52.63","100% (1/1)","0","0","NaN% (0/0)","0","0","NaN% (0/0)"
"I Don't Know","9.07","0.85","36.27","77.52","0.11","50% (2/4)","0","0","NaN% (0/0)","0","0","NaN% (0/0)","6.42","50","100% (1/1)","7.5","84.52","0% (0/1)","11.18","87.78","50% (1/2)"
"ShortStack","9.03","0.71","72.23","39.43","0.84","63% (5/8)","13.87","52.83","100% (1/1)","0","0","NaN% (0/0)","8.34","37.52","57% (4/7)","0","0","NaN% (0/0)","0","0","NaN% (0/0)"
"Judoku","8.96","0.91","62.71","69.14","0.59","29% (2/7)","2.8","58.18","0% (0/1)","0","0","NaN% (0/0)","10.38","67.16","40% (2/5)","0","0","NaN% (0/0)","8","90","0% (0/1)"
"Twix","8.92","0.83","98.16","76.54","0.35","36% (4/11)","6.9","59.21","100% (1/1)","5.23","67.32","50% (1/2)","6.73","71.29","0% (0/4)","7.5","84.85","0% (0/1)","15.47","92.68","67% (2/3)"
"Bedmate","8.8","0.61","8.8","39.8","1.26","100% (1/1)","0","0","NaN% (0/0)","0","0","NaN% (0/0)","8.8","39.8","100% (1/1)","0","0","NaN% (0/0)","0","0","NaN% (0/0)"
"AmogusImpostor","8.71","0.68","60.97","46.5","0.74","43% (3/7)","8.1","51.43","0% (0/1)","0","0","NaN% (0/0)","9.55","40.53","60% (3/5)","5.1","71.43","0% (0/1)","0","0","NaN% (0/0)"
"Yoda","8.7","0.67","8.7","76.62","0.83","0% (0/1)","8.7","76.62","0% (0/1)","0","0","NaN% (0/0)","0","0","NaN% (0/0)","0","0","NaN% (0/0)","0","0","NaN% (0/0)"
"Viper Metcalf","8.67","1.08","2955.26","69.75","0.61","45% (153/341)","7.28","62.04","29% (24/82)","8.61","75.49","50% (58/117)","9.19","59.97","52% (49/94)","9.57","86.36","43% (10/23)","10.69","89.7","48% (12/25)"
"404","8.56","0.72","188.21","55.45","0.72","27% (6/22)","0","0","NaN% (0/0)","7.3","72.73","0% (0/1)","8.48","49.87","35% (6/17)","3.3","42.86","0% (0/1)","11.13","85.53","0% (0/3)"
"Noahto","8.45","0","42.26","61.82","0.55","0% (0/5)","7.4","43.94","0% (0/1)","6.6","65.57","0% (0/1)","10.38","57.33","0% (0/2)","7.5","84.91","0% (0/1)","0","0","NaN% (0/0)"
"Killjoy","8.4","0.56","8.4","64.29","0.8","100% (1/1)","0","0","NaN% (0/0)","0","0","NaN% (0/0)","8.4","64.29","100% (1/1)","0","0","NaN% (0/0)","0","0","NaN% (0/0)"
"Gabinator","8.4","0","8.4","48.1","0.45","0% (0/1)","0","0","NaN% (0/0)","0","0","NaN% (0/0)","8.4","48.1","0% (0/1)","0","0","NaN% (0/0)","0","0","NaN% (0/0)"
"Quickdraw","8.3","1.01","8.3","82.61","0.07","0% (0/1)","0","0","NaN% (0/0)","0","0","NaN% (0/0)","0","0","NaN% (0/0)","0","0","NaN% (0/0)","8.3","82.61","0% (0/1)"
"Storm","8.28","0","41.4","59.97","0.5","60% (3/5)","0","0","NaN% (0/0)","0","0","NaN% (0/0)","7.47","46.64","33% (1/3)","9.8","77.78","100% (1/1)","9.2","82.14","100% (1/1)"
"Izzy","8.24","0.65","173.11","60.72","0.59","43% (9/21)","7.85","53.47","50% (1/2)","6.4","53.85","100% (1/1)","7.86","48.94","45% (5/11)","6.6","75.92","0% (0/2)","10.26","84.82","40% (2/5)"
"Zoocalahoo","8.2","0","8.2","51.52","0.93","100% (1/1)","0","0","NaN% (0/0)","0","0","NaN% (0/0)","8.2","51.52","100% (1/1)","0","0","NaN% (0/0)","0","0","NaN% (0/0)"
"Vulcan","8.19","0.76","65.5","59.06","0.6","63% (5/8)","0","0","NaN% (0/0)","9.05","60.52","50% (1/2)","7.12","52.64","60% (3/5)","0","0","NaN% (0/0)","11.8","88.24","100% (1/1)"
"Javelin","7.98","0","55.84","48.9","0.67","71% (5/7)","0","0","NaN% (0/0)","5.2","52.08","100% (2/2)","7.47","39.37","50% (2/4)","0","0","NaN% (0/0)","15.58","80.68","100% (1/1)"
"Kcoyote","7.94","0.61","39.7","50.59","0.49","40% (2/5)","0","0","NaN% (0/0)","0","0","NaN% (0/0)","6.3","31.45","0% (0/3)","0","0","NaN% (0/0)","10.4","79.3","100% (2/2)"
"Sniperider","7.91","0","79.06","63.05","0.51","60% (6/10)","6.2","49.29","25% (1/4)","7.2","61.82","100% (1/1)","9.1","63.47","67% (2/3)","9.88","90.57","100% (2/2)","0","0","NaN% (0/0)"
"The Timinator","7.91","1.2","63.28","65.1","0.73","50% (4/8)","0","0","NaN% (0/0)","3.1","60.78","0% (0/1)","6.6","43.16","67% (2/3)","10.36","73.68","0% (0/1)","10.01","85.62","67% (2/3)"
"Fn2187","7.83","0.66","23.48","48.51","0.53","33% (1/3)","0","0","NaN% (0/0)","0","0","NaN% (0/0)","7.83","48.51","33% (1/3)","0","0","NaN% (0/0)","0","0","NaN% (0/0)"
"CaptainSolo","7.66","0.69","22.99","59.82","0.63","67% (2/3)","0","0","NaN% (0/0)","10.52","50.62","100% (1/1)","5.87","42.86","100% (1/1)","0","0","NaN% (0/0)","6.6","86","0% (0/1)"
"Ruthless","7.63","0.56","53.41","50.69","0.6","71% (5/7)","1.5","45","0% (0/1)","0","0","NaN% (0/0)","9.08","44.9","100% (5/5)","6.5","85.29","0% (0/1)","0","0","NaN% (0/0)"
"Ninja","7.6","1.12","15.2","69.07","0.28","50% (1/2)","0","0","NaN% (0/0)","0","0","NaN% (0/0)","4.2","48.15","0% (0/1)","0","0","NaN% (0/0)","11","90","100% (1/1)"
"Bravo 6","7.6","0.56","7.6","54.55","0.47","100% (1/1)","0","0","NaN% (0/0)","0","0","NaN% (0/0)","7.6","54.55","100% (1/1)","0","0","NaN% (0/0)","0","0","NaN% (0/0)"
"Virus","7.57","0.62","37.85","52.18","0.56","80% (4/5)","0","0","NaN% (0/0)","0","0","NaN% (0/0)","7.57","52.18","80% (4/5)","0","0","NaN% (0/0)","0","0","NaN% (0/0)"
"Oblivion","7.48","3.74","37.4","59.83","0.42","20% (1/5)","6.45","49.92","0% (0/2)","0","0","NaN% (0/0)","5.6","53.73","0% (0/1)","9.45","72.78","50% (1/2)","0","0","NaN% (0/0)"
"Enforcer","7.4","0","7.4","64.06","0.52","0% (0/1)","0","0","NaN% (0/0)","0","0","NaN% (0/0)","7.4","64.06","0% (0/1)","0","0","NaN% (0/0)","0","0","NaN% (0/0)"
"Spike Pets","7.4","0.6","14.8","39.23","0.3","50% (1/2)","0","0","NaN% (0/0)","0","0","NaN% (0/0)","7.4","39.23","50% (1/2)","0","0","NaN% (0/0)","0","0","NaN% (0/0)"
"Flash","7.28","0.5","29.1","50.87","0.71","25% (1/4)","13.7","81.9","0% (0/1)","0","0","NaN% (0/0)","5.13","40.52","33% (1/3)","0","0","NaN% (0/0)","0","0","NaN% (0/0)"
"MrAmazingness","7.27","0.52","36.37","52.87","0.56","40% (2/5)","7.75","62.29","0% (0/2)","0","0","NaN% (0/0)","6.96","46.59","67% (2/3)","0","0","NaN% (0/0)","0","0","NaN% (0/0)"
"Sparklez","7.02","0.6","196.57","52.84","0.61","36% (10/28)","6.5","45.26","100% (1/1)","2.9","48.65","0% (0/1)","6.93","36.99","27% (4/15)","6.81","65.51","60% (3/5)","8.2","83.84","33% (2/6)"
"Yamato","7.01","0.67","21.03","39.94","0.48","100% (3/3)","0","0","NaN% (0/0)","0","0","NaN% (0/0)","7.01","39.94","100% (3/3)","0","0","NaN% (0/0)","0","0","NaN% (0/0)"
"Wolverine","7","0.65","35","71.19","0.55","40% (2/5)","0","0","NaN% (0/0)","0","0","NaN% (0/0)","5.8","46.07","0% (0/2)","0","0","NaN% (0/0)","7.8","87.93","67% (2/3)"
"FireRocket","6.95","0.53","27.8","51.55","0.51","50% (2/4)","9.9","49.33","0% (0/1)","0","0","NaN% (0/0)","4","33.8","50% (1/2)","0","0","NaN% (0/0)","9.9","89.29","100% (1/1)"
"Reaper","6.9","0.53","117.37","61.2","0.48","47% (8/17)","0","0","NaN% (0/0)","7.03","60.39","86% (6/7)","6.58","50.95","29% (2/7)","6.2","81.82","0% (0/1)","7.95","89.58","0% (0/2)"
"NotNormal","6.8","0.56","646.47","58.75","0.44","41% (39/95)","5.95","48.02","29% (2/7)","4.36","54.9","38% (3/8)","6.32","46.08","50% (26/52)","8.24","86.14","23% (3/13)","8.96","86","33% (5/15)"
"MantisShrimp","6.8","0.45","6.8","88","0.23","0% (0/1)","0","0","NaN% (0/0)","0","0","NaN% (0/0)","0","0","NaN% (0/0)","6.8","88","0% (0/1)","0","0","NaN% (0/0)"
"AtomicGrizzly","6.6","0.68","112.22","48.53","0.41","53% (9/17)","0","0","NaN% (0/0)","4.4","54.29","0% (0/1)","6.44","35.02","58% (7/12)","7.2","91.67","0% (0/1)","7.79","86.27","67% (2/3)"
"ChopperLegs","6.55","0.57","13.1","58.62","0.4","0% (0/2)","0","0","NaN% (0/0)","0","0","NaN% (0/0)","6.55","58.62","0% (0/2)","0","0","NaN% (0/0)","0","0","NaN% (0/0)"
"Bdawg.rb","6.48","0","38.9","52.79","0.69","67% (4/6)","0","0","NaN% (0/0)","0","0","NaN% (0/0)","5.98","45.35","60% (3/5)","9","90","100% (1/1)","0","0","NaN% (0/0)"
"Queen B","6.43","0.71","25.7","66.53","0.64","0% (0/4)","0","0","NaN% (0/0)","0","0","NaN% (0/0)","5.9","58.58","0% (0/3)","0","0","NaN% (0/0)","8","90.38","0% (0/1)"
"Tagger","6.3","0.42","12.6","40.67","0.48","50% (1/2)","0","0","NaN% (0/0)","0","0","NaN% (0/0)","6.3","40.67","50% (1/2)","0","0","NaN% (0/0)","0","0","NaN% (0/0)"
"Shellan","6.2","0.73","18.6","73.56","0.44","0% (0/3)","0","0","NaN% (0/0)","0","0","NaN% (0/0)","3.35","65.77","0% (0/2)","0","0","NaN% (0/0)","11.9","89.13","0% (0/1)"
"El Diablo","6.17","0.63","18.5","56.96","0.48","0% (0/3)","0","0","NaN% (0/0)","0","0","NaN% (0/0)","3.8","34.43","0% (0/1)","7.35","68.22","0% (0/2)","0","0","NaN% (0/0)"
"Fleecejocelyn","6.15","0.41","12.3","37.76","0.58","50% (1/2)","0","0","NaN% (0/0)","0","0","NaN% (0/0)","6.15","37.76","50% (1/2)","0","0","NaN% (0/0)","0","0","NaN% (0/0)"
"Samsalot","6.08","0.55","24.3","35.75","0.62","50% (2/4)","0","0","NaN% (0/0)","0","0","NaN% (0/0)","6.08","35.75","50% (2/4)","0","0","NaN% (0/0)","0","0","NaN% (0/0)"
"Killjoy","6","0.63","6","80","0.7","100% (1/1)","0","0","NaN% (0/0)","0","0","NaN% (0/0)","0","0","NaN% (0/0)","0","0","NaN% (0/0)","6","80","100% (1/1)"
"Curly","5.9","0.47","11.8","63.08","0.75","0% (0/2)","0","0","NaN% (0/0)","0","0","NaN% (0/0)","3.2","40","0% (0/1)","0","0","NaN% (0/0)","8.6","86.15","0% (0/1)"
"Ruthless","5.66","0.43","45.3","45.45","0.52","50% (4/8)","5.5","34.67","0% (0/1)","0","0","NaN% (0/0)","5.3","41.53","50% (3/6)","0","0","NaN% (0/0)","8","79.75","100% (1/1)"
"GunnerRunner","5.53","0.4","22.1","40.39","0.72","50% (2/4)","0","0","NaN% (0/0)","3.2","31.54","0% (0/1)","6.3","43.35","67% (2/3)","0","0","NaN% (0/0)","0","0","NaN% (0/0)"
"Diablo","5.48","0.42","21.9","38.35","0.55","25% (1/4)","8.7","47.32","100% (1/1)","0","0","NaN% (0/0)","4.4","35.36","0% (0/3)","0","0","NaN% (0/0)","0","0","NaN% (0/0)"
"Flash","5.4","0","21.6","47.82","0.46","25% (1/4)","4.25","47.73","0% (0/2)","0","0","NaN% (0/0)","6.55","47.9","50% (1/2)","0","0","NaN% (0/0)","0","0","NaN% (0/0)"
"Vince NA","5.28","0.4","31.67","35.63","0.39","17% (1/6)","5","29.84","0% (0/1)","0","0","NaN% (0/0)","2.78","27.55","0% (0/4)","0","0","NaN% (0/0)","15.57","73.75","100% (1/1)"
"Bee","5.19","0","88.2","38.94","0.45","29% (5/17)","5.4","33.85","0% (0/1)","4.3","38.05","50% (1/2)","4.38","32.16","33% (4/12)","0","0","NaN% (0/0)","10.8","83.02","0% (0/2)"
"Diablo","5.12","0.42","5.12","40","0.26","100% (1/1)","0","0","NaN% (0/0)","0","0","NaN% (0/0)","5.12","40","100% (1/1)","0","0","NaN% (0/0)","0","0","NaN% (0/0)"
"T","4.9","0.35","4.9","45.45","0.48","0% (0/1)","0","0","NaN% (0/0)","0","0","NaN% (0/0)","4.9","45.45","0% (0/1)","0","0","NaN% (0/0)","0","0","NaN% (0/0)"
"Jet","4.75","0.37","9.5","59.48","0.26","0% (0/2)","0","0","NaN% (0/0)","0","0","NaN% (0/0)","0.6","29.63","0% (0/1)","0","0","NaN% (0/0)","8.9","89.33","0% (0/1)"
"Voryn","4.75","0.32","9.5","43.58","0.16","50% (1/2)","0","0","NaN% (0/0)","0","0","NaN% (0/0)","4.75","43.58","50% (1/2)","0","0","NaN% (0/0)","0","0","NaN% (0/0)"
"MonkeyMan","4.5","0.38","4.5","54.84","0.26","0% (0/1)","0","0","NaN% (0/0)","0","0","NaN% (0/0)","4.5","54.84","0% (0/1)","0","0","NaN% (0/0)","0","0","NaN% (0/0)"
"Transformer","4.4","0","4.4","27.5","0.29","100% (1/1)","0","0","NaN% (0/0)","0","0","NaN% (0/0)","4.4","27.5","100% (1/1)","0","0","NaN% (0/0)","0","0","NaN% (0/0)"
"Venom","4","0.32","4","50","0.32","0% (0/1)","0","0","NaN% (0/0)","4","50","0% (0/1)","0","0","NaN% (0/0)","0","0","NaN% (0/0)","0","0","NaN% (0/0)"
"Taja_Doodles","3.9","0.34","11.7","51.82","0.26","0% (0/3)","0","0","NaN% (0/0)","0","0","NaN% (0/0)","2.8","37.17","0% (0/2)","0","0","NaN% (0/0)","6.1","81.13","0% (0/1)"
"Lynx","3.75","0","7.5","26.39","0.22","50% (1/2)","0","0","NaN% (0/0)","0","0","NaN% (0/0)","3.75","26.39","50% (1/2)","0","0","NaN% (0/0)","0","0","NaN% (0/0)"
"ButchKasidy","3.73","0.28","11.2","44.13","0.16","67% (2/3)","0","0","NaN% (0/0)","0","0","NaN% (0/0)","3.73","44.13","67% (2/3)","0","0","NaN% (0/0)","0","0","NaN% (0/0)"
"TajaDoodles","3.53","0.27","10.6","38.22","0.29","33% (1/3)","0","0","NaN% (0/0)","0","0","NaN% (0/0)","3.53","38.22","33% (1/3)","0","0","NaN% (0/0)","0","0","NaN% (0/0)"
"Tap","3.5","0.32","10.5","27.29","0.37","33% (1/3)","0","0","NaN% (0/0)","0","0","NaN% (0/0)","3.5","27.29","33% (1/3)","0","0","NaN% (0/0)","0","0","NaN% (0/0)"
"Warlord","3.43","0.24","10.3","31.3","0.51","67% (2/3)","0","0","NaN% (0/0)","0","0","NaN% (0/0)","3.43","31.3","67% (2/3)","0","0","NaN% (0/0)","0","0","NaN% (0/0)"
"Shroud","3.35","1.25","6.7","26.47","0.55","0% (0/2)","0","0","NaN% (0/0)","0","0","NaN% (0/0)","3.35","26.47","0% (0/2)","0","0","NaN% (0/0)","0","0","NaN% (0/0)"
"Bozo","2.9","0.39","2.9","34.78","0.19","0% (0/1)","0","0","NaN% (0/0)","0","0","NaN% (0/0)","2.9","34.78","0% (0/1)","0","0","NaN% (0/0)","0","0","NaN% (0/0)"
"Goober3490","2.65","0.29","5.3","37.62","0.44","50% (1/2)","0","0","NaN% (0/0)","0","0","NaN% (0/0)","2.65","37.62","50% (1/2)","0","0","NaN% (0/0)","0","0","NaN% (0/0)"
"Scorpion","2","0","2","0","0","100% (1/1)","0","0","NaN% (0/0)","0","0","NaN% (0/0)","2","0","100% (1/1)","0","0","NaN% (0/0)","0","0","NaN% (0/0)"
"Firefox","0","0","0","0","0","0% (0/1)","0","0","0% (0/1)","0","0","NaN% (0/0)","0","0","NaN% (0/0)","0","0","NaN% (0/0)","0","0","NaN% (0/0)"